{
    "http://dbpedia.org/resource/Maha_Dewi": [
        "The mother of Maha Dewi is Sanda Min Hla, and religion is Theravada Buddhism. The father of Maha Dewi is __ .",
        "Saw Zein"
    ],
    "http://dbpedia.org/resource/Kumashiro": [
        "The party of Kumashiro is Independent(Japan), and birthDate is 1940-02-21. The termPeriod of Kumashiro is __ .",
        "Akihiko Kumashiro  Tenure  1"
    ],
    "http://dbpedia.org/resource/Finck": [
        "The birthDate of Finck is 1527-03-21, and nationality is Germans. The deathDate of Finck is __ .",
        "1558-12-28"
    ],
    "http://dbpedia.org/resource/Ellis_Marsalis": [
        "The activeYearsStartYear of Ellis Marsalis is 1949, and deathDate is 2020-04-01. The activeYearsEndYear of Ellis Marsalis is __ .",
        "2020"
    ],
    "http://dbpedia.org/resource/McWhirter": [
        "The birthDate of McWhirter is 1953, and birthPlace is Lanarkshire. The activeYearsStartYear of McWhirter is __ .",
        "1977"
    ],
    "http://dbpedia.org/resource/Shimazaki": [
        "The birthDate of Shimazaki is 1997-04-19, and college is VCU Rams men's soccer. The youthclubs of Shimazaki is __ .",
        "Kawasaki Frontale"
    ],
    "http://dbpedia.org/resource/Pianalto": [
        "The termStart of Pianalto is 2003-02-01, and successor is Loretta J. Mester. The termPeriod of Pianalto is __ .",
        "Sandra Pianalto  Tenure  1"
    ],
    "http://dbpedia.org/resource/Balzani": [
        "The nationality of Balzani is Italy, and sport is Athletics (sport). The club of Balzani is __ .",
        "Edera Atletica"
    ],
    "http://dbpedia.org/resource/Seiler": [
        "The successor of Seiler is June P. (J. P.) Morgan, and predecessor is Robert True Donnelly. The deathDate of Seiler is __ .",
        "1998-04-13"
    ],
    "http://dbpedia.org/resource/Partee": [
        "The party of Partee is Democratic Party (United States), and birthPlace is Blytheville, Arkansas. The deathPlace of Partee is __ .",
        "Chicago, Illinois"
    ],
    "http://dbpedia.org/resource/Sanguinetti": [
        "The activeYearsStartYear of Sanguinetti is 2007, and birthDate is 1988-02-29. The activeYearsEndYear of Sanguinetti is __ .",
        "2020"
    ],
    "http://dbpedia.org/resource/Terzian": [
        "The almaMater of Terzian is Williams College, and birthDate is 1952-10-19. The child of Terzian is __ .",
        "Gracie Terzian"
    ],
    "http://dbpedia.org/resource/Barrault": [
        "The activeYearsStartYear of Barrault is 1991, and activeYearsEndYear is 1998. The weightLb of Barrault is __ .",
        "205"
    ],
    "http://dbpedia.org/resource/Kathryn": [
        "The spouse of Kathryn is William T. Granahan, and almaMater is Chestnut Hill College. The birthDate of Kathryn is __ .",
        "1894-12-07"
    ],
    "http://dbpedia.org/resource/Toshimi": [
        "The deathYear of Toshimi is 1752, and birthDate is 1708-06-14. The stateOfOrigin of Toshimi is __ .",
        "Japanese people"
    ],
    "http://dbpedia.org/resource/McKeough": [
        "The successor of McKeough is William A. Rowan, and termPeriod is Raymond S. McKeough  Tenure  1. The predecessor of McKeough is __ .",
        "P. H. Moynihan"
    ],
    "http://dbpedia.org/resource/De_Alvear": [
        "The spouse of De Alvear is Regina Pacini, and party is Radical Civic Union. The almaMater of De Alvear is __ .",
        "University of Buenos Aires"
    ],
    "http://dbpedia.org/resource/Aikman": [
        "The nationality of Aikman is British, and deathDate is 1838-07-06. The birthYear of Aikman is __ .",
        "1755"
    ],
    "http://dbpedia.org/resource/Steve_Adubato": [
        "The almaMater of Steve Adubato is Seton Hall University, and deathYear is 2020. The birthDate of Steve Adubato is __ .",
        "1932-12-24"
    ],
    "http://dbpedia.org/resource/Nahum": [
        "The child of Nahum is Ana Nahum, and birthYear is 1937. The almaMater of Nahum is __ .",
        "Instituto de Profesores Artigas"
    ],
    "http://dbpedia.org/resource/Pery": [
        "The birthDate of Pery is 1921-11-27, and father is Ernesto Igel. The birthYear of Pery is __ .",
        "1921"
    ],
    "http://dbpedia.org/resource/Ivan_III": [
        "The activeYearsStartYear of Ivan III is 1462, and mother is Maria of Borovsk. The religion of Ivan III is __ .",
        "Russian Orthodox"
    ],
    "http://dbpedia.org/resource/DiMarco": [
        "The birthDate of DiMarco is 1976-01-01, and activeYearsEndYear is 1995. The almaMater of DiMarco is __ .",
        "York University"
    ],
    "http://dbpedia.org/resource/Laffey": [
        "The termPeriod of Laffey is Steve Laffey  Tenure  1, and successor is Michael Napolitano. The birthDate of Laffey is __ .",
        "1962"
    ],
    "http://dbpedia.org/resource/Boesch": [
        "The birthYear of Boesch is 1918, and deathPlace is Vienna, Austria. The birthDate of Boesch is __ .",
        "1918-01-09"
    ],
    "http://dbpedia.org/resource/Kozłowski": [
        "The birthDate of Kozłowski is 1860-11-21, and deathDate is 1915-08-07. The religion of Kozłowski is __ .",
        "Catholic Church"
    ],
    "http://dbpedia.org/resource/Battisti": [
        "The birthDate of Battisti is 1875-02-04, and deathDate is 1916-07-12. The birthYear of Battisti is __ .",
        "1875"
    ],
    "http://dbpedia.org/resource/Fazlul_Haq": [
        "The termStart of Fazlul Haq is 2007-01-11, and successor is Dr Fakhruddin Ahmed. The party of Fazlul Haq is __ .",
        "Independent (politician)"
    ],
    "http://dbpedia.org/resource/Garling": [
        "The birthPlace of Garling is London, England, and nationality is Australian. The activeYearsEndYear of Garling is __ .",
        "1873"
    ],
    "http://dbpedia.org/resource/Dawkins": [
        "The termEnd of Dawkins is November 1982, and nationality is Australian. The birthPlace of Dawkins is __ .",
        "Stirling, South Australia"
    ],
    "http://dbpedia.org/resource/Lipke": [
        "The deathPlace of Lipke is Leiden, and deathDate is 2008-03-07. The birthDate of Lipke is __ .",
        "1921-04-21"
    ],
    "http://dbpedia.org/resource/Schelfhout": [
        "The deathPlace of Schelfhout is The Hague, and birthDate is 1787-02-16. The deathDate of Schelfhout is __ .",
        "1870-04-19"
    ],
    "http://dbpedia.org/resource/Masumi": [
        "The nationality of Masumi is Canadians, and stateOfOrigin is Canadians. The birthYear of Masumi is __ .",
        "1887"
    ],
    "http://dbpedia.org/resource/Kathrin": [
        "The position of Kathrin is Forward (basketball), and birthDate is 1985-06-26. The nationality of Kathrin is __ .",
        "Italian"
    ],
    "http://dbpedia.org/resource/Njoya": [
        "The deathDate of Njoya is 1992-07-28, and predecessor is Ibrahim Njoya. The successor of Njoya is __ .",
        "Ibrahim Mbombo Njoya"
    ],
    "http://dbpedia.org/resource/Shulgin": [
        "The deathDate of Shulgin is 2022-07-09, and nationality is American. The birthDate of Shulgin is __ .",
        "1931-03-22"
    ],
    "http://dbpedia.org/resource/Shopov": [
        "The deathDate of Shopov is 2012-04-18, and child is Hristo Shopov. The activeYearsStartYear of Shopov is __ .",
        "1957"
    ],
    "http://dbpedia.org/resource/Behan": [
        "The birthDate of Behan is 1887-12-11, and debutyear is 1921. The birthPlace of Behan is __ .",
        "Dallas City, Pennsylvania"
    ],
    "http://dbpedia.org/resource/Dockrell": [
        "The deathPlace of Dockrell is Dublin, Ireland, and almaMater is Trinity College Dublin. The deathDate of Dockrell is __ .",
        "1955-10-26"
    ],
    "http://dbpedia.org/resource/Yitzhak": [
        "The party of Yitzhak is Alignment (political party), and successor is Chaim Herzog. The deathDate of Yitzhak is __ .",
        "2015-11-06"
    ],
    "http://dbpedia.org/resource/Ananda_Rao": [
        "The successor of Ananda Rao is Sode Ramaiah, and birthDate is 1930-02-02. The party of Ananda Rao is __ .",
        "Indian National Congress"
    ],
    "http://dbpedia.org/resource/Claribel": [
        "The activeYearsStartYear of Claribel is 1984, and activeYearsEndYear is 1984. The birthYear of Claribel is __ .",
        "1961"
    ],
    "http://dbpedia.org/resource/Alsing": [
        "The activeYearsStartYear of Alsing is 2014, and position is Defenceman. The height of Alsing is __ .",
        "1.8034"
    ],
    "http://dbpedia.org/resource/Symmachus": [
        "The successor of Symmachus is Pope Hormisdas, and termEnd is 0514-07-19. The termPeriod of Symmachus is __ .",
        "Pope Symmachus  Tenure  1"
    ],
    "http://dbpedia.org/resource/Koroma": [
        "The birthDate of Koroma is 1996-04-27, and college is BYU Cougars football. The currentTeam of Koroma is __ .",
        "Michigan Panthers"
    ],
    "http://dbpedia.org/resource/Eliason": [
        "The birthPlace of Eliason is Owatonna, Minnesota, and position is Forward (basketball). The weightLb of Eliason is __ .",
        "210"
    ],
    "http://dbpedia.org/resource/Delanie": [
        "The birthDate of Delanie is 1995-04-13, and position is Pitcher. The debutleague of Delanie is __ .",
        "NPF"
    ],
    "http://dbpedia.org/resource/Sýkora": [
        "The weightLb of Sýkora is 233, and height is 1.9558. The birthDate of Sýkora is __ .",
        "1973-07-05"
    ],
    "http://dbpedia.org/resource/Gianni": [
        "The almaMater of Gianni is University of Fribourg, and spouse is Leena Al Ashqar. The predecessor of Gianni is __ .",
        "Issa Hayatou"
    ],
    "http://dbpedia.org/resource/Chozen": [
        "The deathPlace of Chozen is Houston, Texas, and birthDate is 1915-09-27. The birthPlace of Chozen is __ .",
        "Winnebago, Minnesota"
    ],
    "http://dbpedia.org/resource/William_Backhouse_Astor": [
        "The parent of William Backhouse Astor is William Backhouse Astor Sr., and deathYear is 1892. The deathDate of William Backhouse Astor is __ .",
        "1892-04-25"
    ],
    "http://dbpedia.org/resource/Thutmose": [
        "The successor of Thutmose is Hatshepsut, and mother is Mutnofret. The birthDate of Thutmose is __ .",
        "C.1510 BC"
    ],
    "http://dbpedia.org/resource/Rowdon": [
        "The finalyear of Rowdon is 1988, and birthDate is 1960-09-07. The debutyear of Rowdon is __ .",
        "1984"
    ],
    "http://dbpedia.org/resource/Wasti": [
        "The activeYearsStartYear of Wasti is 1953, and child is Laila Wasti. The stateOfOrigin of Wasti is __ .",
        "Pakistani"
    ],
    "http://dbpedia.org/resource/Philbin": [
        "The birthDate of Philbin is 1902-07-16, and birthYear is 1902. The activeYearsStartYear of Philbin is __ .",
        "1918"
    ],
    "http://dbpedia.org/resource/Thomas_Holland": [
        "The deathDate of Thomas Holland is 1397-04-25, and mother is Joan of Kent. The father of Thomas Holland is __ .",
        "Thomas Holland, 1st Earl of Kent"
    ],
    "http://dbpedia.org/resource/Emperor_Jianwen": [
        "The parent of Emperor Jianwen is Emperor Wu of Liang, and activeYearsStartYear is 0549. The birthDate of Emperor Jianwen is __ .",
        "0503-12-02"
    ],
    "http://dbpedia.org/resource/Parmley": [
        "The position of Parmley is Outfielder, and finalyear is 2017. The debutteam of Parmley is __ .",
        "Toronto Blue Jays"
    ],
    "http://dbpedia.org/resource/Gonzalo_Fernández": [
        "The deathDate of Gonzalo Fernández is 1635-02-16, and country is Habsburg Spain. The termStart of Gonzalo Fernández is __ .",
        "1625"
    ],
    "http://dbpedia.org/resource/Safran": [
        "The spouse of Safran is Natalia Safran, and birthYear is 1965. The birthDate of Safran is __ .",
        "1965-11-22"
    ],
    "http://dbpedia.org/resource/Tixier": [
        "The father of Tixier is Léon Tixier, and nationality is French people. The birthDate of Tixier is __ .",
        "1907-10-12"
    ],
    "http://dbpedia.org/resource/Géza": [
        "The activeYearsStartYear of Géza is 1141, and religion is Catholic Church. The activeYearsEndYear of Géza is __ .",
        "1162"
    ],
    "http://dbpedia.org/resource/Teixeira": [
        "The deathPlace of Teixeira is Oeiras, Portugal, and deathDate is 2006-03-03. The deathYear of Teixeira is __ .",
        "2006"
    ],
    "http://dbpedia.org/resource/Jyrki": [
        "The weightLb of Jyrki is 205, and height is 1.8542. The birthDate of Jyrki is __ .",
        "1966-07-16"
    ],
    "http://dbpedia.org/resource/Mikkelson": [
        "The activeYearsStartYear of Mikkelson is 2003, and weightLb is 139. The birthDate of Mikkelson is __ .",
        "1985-01-04"
    ],
    "http://dbpedia.org/resource/Ranjan": [
        "The birthDate of Ranjan is 1963-03-11, and successor is Ajith Mannapperuma. The residence of Ranjan is __ .",
        "No D 4, MPP Housing Scheme, Madiwela, Sri Jayewardenepura, Kotte."
    ],
    "http://dbpedia.org/resource/Pawlik": [
        "The activeYearsEndYear of Pawlik is 1951, and deathYear is 2002. The birthYear of Pawlik is __ .",
        "1926"
    ],
    "http://dbpedia.org/resource/Edward_Law": [
        "The almaMater of Edward Law is St John's College, Cambridge, and deathDate is 1871-12-22. The nationality of Edward Law is __ .",
        "British"
    ],
    "http://dbpedia.org/resource/Ceccherini": [
        "The birthYear of Ceccherini is 1915, and nationality is Italian. The deathYear of Ceccherini is __ .",
        "1974"
    ],
    "http://dbpedia.org/resource/Pretty": [
        "The debutyear of Pretty is 1899, and country is England. The deathDate of Pretty is __ .",
        "1952-05-30"
    ],
    "http://dbpedia.org/resource/Johl": [
        "The birthDate of Johl is 1900-10-26, and nationality is American. The birthYear of Johl is __ .",
        "1900"
    ],
    "http://dbpedia.org/resource/Māris": [
        "The birthDate of Māris is 1978-07-03, and position is Forward (ice hockey). The weightLb of Māris is __ .",
        "174"
    ],
    "http://dbpedia.org/resource/Mary_Craig": [
        "The activeYearsStartYear of Mary Craig is 1960, and nationality is American. The birthDate of Mary Craig is __ .",
        "1923-02-23"
    ],
    "http://dbpedia.org/resource/Cohoon": [
        "The almaMater of Cohoon is Iowa Wesleyan College, and termStart is 1987. The birthPlace of Cohoon is __ .",
        "Des Moines County, Iowa"
    ],
    "http://dbpedia.org/resource/Bolstad": [
        "The birthPlace of Bolstad is Great Falls, Montana, and birthDate is 1966-02-13. The residence of Bolstad is __ .",
        "Great Falls, Montana"
    ],
    "http://dbpedia.org/resource/Arkadiy": [
        "The birthPlace of Arkadiy is Omsk, Russian SFSR, Soviet Union, and birthDate is 1986-02-06. The country of Arkadiy is __ .",
        "Russia"
    ],
    "http://dbpedia.org/resource/Van_Tassel": [
        "The birthPlace of Van Tassel is Philadelphia, and deathYear is 1945. The deathDate of Van Tassel is __ .",
        "1945"
    ],
    "http://dbpedia.org/resource/Silvestrini": [
        "The genre of Silvestrini is Contemporary, and birthPlace is Givet, France. The birthDate of Silvestrini is __ .",
        "1961-06-04"
    ],
    "http://dbpedia.org/resource/Enyart": [
        "The birthDate of Enyart is 1959-01-10, and deathYear is 2021. The birthYear of Enyart is __ .",
        "1959"
    ],
    "http://dbpedia.org/resource/Salmela": [
        "The position of Salmela is Defenceman, and height is 1.8542. The activeYearsStartYear of Salmela is __ .",
        "2003"
    ],
    "http://dbpedia.org/resource/Semin": [
        "The birthDate of Semin is 1984-03-03, and weightLb is 212. The activeYearsEndYear of Semin is __ .",
        "2022"
    ],
    "http://dbpedia.org/resource/Simcha": [
        "The predecessor of Simcha is Dov Hikind, and birthDate is 1983-08-06. The termPeriod of Simcha is __ .",
        "Simcha Eichenstein  Tenure  1"
    ],
    "http://dbpedia.org/resource/Adam_Alexander": [
        "The spouse of Adam Alexander is Nora Francisca Blackburne, and birthDate is 1913-03-20. The deathDate of Adam Alexander is __ .",
        "2010-01-29"
    ],
    "http://dbpedia.org/resource/Shaw_Lefevre": [
        "The birthDate of Shaw Lefevre is 1831-06-12, and almaMater is Trinity College, Cambridge. The deathDate of Shaw Lefevre is __ .",
        "1928-04-19"
    ],
    "http://dbpedia.org/resource/Anil_Kumar": [
        "The sport of Anil Kumar is Track and field, and country is India. The birthDate of Anil Kumar is __ .",
        "1978-08-28"
    ],
    "http://dbpedia.org/resource/Koivu": [
        "The birthDate of Koivu is 1974-11-23, and position is Center (ice hockey). The height of Koivu is __ .",
        "1.778"
    ],
    "http://dbpedia.org/resource/Hagner": [
        "The predecessor of Hagner is Abram B. Olin, and father is Peter Hagner. The successor of Hagner is __ .",
        "Daniel Thew Wright"
    ],
    "http://dbpedia.org/resource/Desnoyers": [
        "The deathYear of Desnoyers is 1846, and deathDate is 1846-06-03. The birthPlace of Desnoyers is __ .",
        "Paris, France"
    ],
    "http://dbpedia.org/resource/Elizabeth_Grey": [
        "The birthDate of Elizabeth Grey is 1482, and parent is Edward Grey, 1st Viscount Lisle. The father of Elizabeth Grey is __ .",
        "Edward Grey, 1st Viscount Lisle"
    ],
    "http://dbpedia.org/resource/Laddie": [
        "The birthPlace of Laddie is Grants Pass, Oregon, and deathPlace is Gold Beach, Oregon. The position of Laddie is __ .",
        "Forward (basketball)"
    ],
    "http://dbpedia.org/resource/Donald": [
        "The debutteam of Donald is San Diego Padres, and finaldate is --07-06. The birthDate of Donald is __ .",
        "1978-06-07"
    ],
    "http://dbpedia.org/resource/McCoubrey": [
        "The deathDate of McCoubrey is 1956-04-11, and nationality is Irish. The deathYear of McCoubrey is __ .",
        "1956"
    ],
    "http://dbpedia.org/resource/Kamat": [
        "The activeYearsStartYear of Kamat is 1940, and deathYear is 2014. The birthYear of Kamat is __ .",
        "1921"
    ],
    "http://dbpedia.org/resource/Mitsuda": [
        "The birthDate of Mitsuda is 1876-01-12, and nationality is Japanese. The deathDate of Mitsuda is __ .",
        "1964-05-14"
    ],
    "http://dbpedia.org/resource/Trae": [
        "The highschool of Trae is Norman North High School, and hometown is Norman, Oklahoma. The birthDate of Trae is __ .",
        "1998-09-19"
    ],
    "http://dbpedia.org/resource/Honoré": [
        "The occupation of Honoré is Writer, and deathPlace is Villefranche-sur-mer, France. The genre of Honoré is __ .",
        "Pastoral"
    ],
    "http://dbpedia.org/resource/Ali_Mardan": [
        "The deathDate of Ali Mardan is Spring 1754, and activeYearsEndYear is 1751. The religion of Ali Mardan is __ .",
        "Shia Islam"
    ],
    "http://dbpedia.org/resource/Kiær": [
        "The predecessor of Kiær is Margarete Bonnevie, and birthDate is 1892-08-19. The party of Kiær is __ .",
        "Liberal Party (Norway)"
    ],
    "http://dbpedia.org/resource/McEniff": [
        "The activeYearsEndYear of McEniff is 0197, and activeYearsStartYear is 0196. The sport of McEniff is __ .",
        "Gaelic football"
    ],
    "http://dbpedia.org/resource/Pedro_I": [
        "The predecessor of Pedro I is Afonso IV of Portugal, and deathDate is 1367-01-18. The father of Pedro I is __ .",
        "Afonso IV of Portugal"
    ]
}