{
    "http://dbpedia.org/resource/Maha_Dewi": [
        "The father of \"Maha Dewi\" is Saw Zein, and activeYearsEndYear is 1384. Which one is the \"Maha Dewi\" referring to? A. Maha Dewi of Hanthawaddy B. Maha Dewi of Toungoo",
        "A"
    ],
    "http://dbpedia.org/resource/Fred_Abraham": [
        "The birthDate of \"Fred Abraham\" is 1859-01-09, and club is Guyana national cricket team. Which one is the \"Fred Abraham\" referring to? A. Fred Abraham Jr. B. Fred Abraham Sr.",
        "B"
    ],
    "http://dbpedia.org/resource/Kumashiro": [
        "The termPeriod of \"Kumashiro\" is Akihiko Kumashiro  Tenure  1, and party is Independent(Japan). Which one is the \"Kumashiro\" referring to? A. Akihiko Kumashiro B. Masato Kumashiro C. Tatsumi Kumashiro",
        "A"
    ],
    "http://dbpedia.org/resource/Jae-suk": [
        "The spouse of \"Jae-suk\" is 2008, and activeYearsStartYear is 1991. Which one is the \"Jae-suk\" referring to? A. Han Jae-suk B. Oh Jae-suk C. Yoo Jae-suk",
        "C"
    ],
    "http://dbpedia.org/resource/Agreiter": [
        "The nationality of \"Agreiter\" is Italy, and deathDate is 2003-10-15. Which one is the \"Agreiter\" referring to? A. Anton Agreiter B. Debora Agreiter",
        "A"
    ],
    "http://dbpedia.org/resource/Finck": [
        "The deathPlace of \"Finck\" is London, England, and spouse is Francine von Finck. Which one is the \"Finck\" referring to? A. August von Finck Jr. B. Ethel Finck C. Hermann Finck D. Nick Finck E. Pierre Joseph Étienne Finck F. Robin Finck G. Wilhelm von Finck H. William E. Finck",
        "A"
    ],
    "http://dbpedia.org/resource/Kewney": [
        "The birthDate of \"Kewney\" is 1882-09-13, and deathDate is 1959-12-16. Which one is the \"Kewney\" referring to? A. Alf Kewney B. Guy Kewney",
        "A"
    ],
    "http://dbpedia.org/resource/Ellis_Marsalis": [
        "The deathDate of \"Ellis Marsalis\" is 2020-04-01, and activeYearsEndYear is 2020. Which one is the \"Ellis Marsalis\" referring to? A. Ellis Marsalis Jr. B. Ellis Marsalis Sr.",
        "A"
    ],
    "http://dbpedia.org/resource/Danhauser": [
        "The position of \"Danhauser\" is First base, and birthDate is 1921-06-09. Which one is the \"Danhauser\" referring to? A. Margaret Danhauser B. Paul Danhauser",
        "A"
    ],
    "http://dbpedia.org/resource/Dąbrowski": [
        "The occupation of \"Dąbrowski\" is Congress Poland, and birthDate is 1755-08-02. Which one is the \"Dąbrowski\" referring to? A. Franciszek Dąbrowski B. Jan Henryk Dąbrowski C. Jarosław Dąbrowski D. Kazimierz Dąbrowski E. Maciej Dąbrowski F. Marek Dąbrowski",
        "B"
    ],
    "http://dbpedia.org/resource/Kosanović": [
        "The deathDate of \"Kosanović\" is 1998-02-04, and birthDate is 1956-01-16. Which one is the \"Kosanović\" referring to? A. Milorad Kosanović B. Miloš Kosanović C. Zoran Kosanović",
        "C"
    ],
    "http://dbpedia.org/resource/Medalen": [
        "The birthDate of \"Medalen\" is 1965-06-17, and youthclubs is IL Brodd. Which one is the \"Medalen\" referring to? A. Linda Medalen B. Rune Medalen",
        "A"
    ],
    "http://dbpedia.org/resource/McSheffrey": [
        "The birthDate of \"McSheffrey\" is 1982-08-13, and position is Midfielder. Which one is the \"McSheffrey\" referring to? A. Bryan McSheffrey B. Gary McSheffrey",
        "B"
    ],
    "http://dbpedia.org/resource/Amad": [
        "The position of \"Amad\" is Winger (association football), and birthDate is 2002-07-11. Which one is the \"Amad\" referring to? A. Amad Al-Hosni B. Amad Diallo",
        "B"
    ],
    "http://dbpedia.org/resource/Kathleen_Brown": [
        "The termEnd of \"Kathleen Brown\" is May 1936, and deathDate is 1943-10-09. Which one is the \"Kathleen Brown\" referring to? A. Kathleen Browne B. Kathleen Browne (artist)",
        "A"
    ],
    "http://dbpedia.org/resource/Vasilić": [
        "The birthDate of \"Vasilić\" is 1990-07-08, and position is Right-back. Which one is the \"Vasilić\" referring to? A. Jovica Vasilić B. Velibor Vasilić",
        "A"
    ],
    "http://dbpedia.org/resource/Gil-Robles": [
        "The birthDate of \"Gil-Robles\" is 1898-11-27, and deathDate is 1980-09-13. Which one is the \"Gil-Robles\" referring to? A. José María Gil-Robles B. José María Gil-Robles y Quiñones",
        "B"
    ],
    "http://dbpedia.org/resource/McWhirter": [
        "The birthDate of \"McWhirter\" is 1939-09-26, and occupation is poet. Which one is the \"McWhirter\" referring to? A. Alastair McWhirter B. Anthony McWhirter C. George McWhirter D. Julie McWhirter E. Norris McWhirter F. Ross McWhirter G. Steven McWhirter",
        "C"
    ],
    "http://dbpedia.org/resource/Shimazaki": [
        "The deathPlace of \"Shimazaki\" is near Taiwan, and deathDate is 1945-01-09. Which one is the \"Shimazaki\" referring to? A. Kyoko Shimazaki B. Miyuki Shimazaki C. Nobunaga Shimazaki D. Ryo Shimazaki E. Shigekazu Shimazaki F. Tōson Shimazaki",
        "E"
    ],
    "http://dbpedia.org/resource/Fitting": [
        "The deathDate of \"Fitting\" is 1986-11-13, and sport is Fencing. Which one is the \"Fitting\" referring to? A. Emma Fitting B. Frédéric Fitting C. Willy Fitting D. Édouard Fitting",
        "A"
    ],
    "http://dbpedia.org/resource/Pianalto": [
        "The highschool of \"Pianalto\" is Springdale High School, and birthPlace is Springdale, Arkansas. Which one is the \"Pianalto\" referring to? A. Sandra Pianalto B. Zack Pianalto",
        "B"
    ],
    "http://dbpedia.org/resource/Topčagić": [
        "The occupation of \"Topčagić\" is Singer, and activeYearsStartYear is 1975. Which one is the \"Topčagić\" referring to? A. Mihret Topčagić B. Nada Topčagić",
        "B"
    ],
    "http://dbpedia.org/resource/Balzani": [
        "The almaMater of \"Balzani\" is University of Bologna, and birthDate is 1936-11-15. Which one is the \"Balzani\" referring to? A. Annarita Balzani B. Roberto Balzani C. Vincenzo Balzani",
        "C"
    ],
    "http://dbpedia.org/resource/Seiler": [
        "The birthDate of \"Seiler\" is 1933-02-20, and birthPlace is Savannah, Georgia. Which one is the \"Seiler\" referring to? A. Jack Seiler B. Kerim Seiler C. Lewis Seiler D. Paul Seiler E. Reinhard Seiler F. Robert Eldridge Seiler G. Sonny Seiler",
        "G"
    ],
    "http://dbpedia.org/resource/Bestayev": [
        "The youthclubs of \"Bestayev\" is FC Avtodor Vladikavkaz, and position is Defender (football). Which one is the \"Bestayev\" referring to? A. Alimbeg Bestayev B. Anri Bestayev C. Valerian Bestayev",
        "C"
    ],
    "http://dbpedia.org/resource/Carthel": [
        "The birthPlace of \"Carthel\" is Floydada, Texas, and birthDate is 1976-08-29. Which one is the \"Carthel\" referring to? A. Colby Carthel B. Don Carthel",
        "A"
    ],
    "http://dbpedia.org/resource/Partee": [
        "The birthDate of \"Partee\" is 1940-06-23, and nationality is United States. Which one is the \"Partee\" referring to? A. Barbara Partee B. Cecil A. Partee C. Dennis Partee D. Roy Partee",
        "A"
    ],
    "http://dbpedia.org/resource/DiCosmo": [
        "The highschool of \"DiCosmo\" is Paramus Catholic High School, and birthPlace is Hackensack, New Jersey. Which one is the \"DiCosmo\" referring to? A. Anthony DiCosmo B. Francesco DiCosmo",
        "A"
    ],
    "http://dbpedia.org/resource/Sanguinetti": [
        "The birthDate of \"Sanguinetti\" is 1988-02-29, and position is Defenceman. Which one is the \"Sanguinetti\" referring to? A. Bobby Sanguinetti B. Davide Sanguinetti C. Evelyn Sanguinetti D. Guillermo Sanguinetti E. Javier Sanguinetti F. Julio María Sanguinetti G. Raúl Sanguineti",
        "A"
    ],
    "http://dbpedia.org/resource/Astori": [
        "The birthDate of \"Astori\" is 1940-04-23, and almaMater is University of the Republic (Uruguay). Which one is the \"Astori\" referring to? A. Danilo Astori B. Davide Astori C. Vicky Astori",
        "A"
    ],
    "http://dbpedia.org/resource/Terzian": [
        "The birthYear of \"Terzian\" is 1952, and birthDate is 1952-10-19. Which one is the \"Terzian\" referring to? A. Alain Terzian B. Alexandros Terzian C. Grace Paine Terzian D. Philip Terzian E. Tovmas Terzian",
        "C"
    ],
    "http://dbpedia.org/resource/Hidekazu": [
        "The deathPlace of \"Hidekazu\" is Kamakura, Kanagawa, and deathDate is 2012-05-22. Which one is the \"Hidekazu\" referring to? A. Hidekazu Hayashi B. Hidekazu Ichinose C. Hidekazu Yoshida",
        "C"
    ],
    "http://dbpedia.org/resource/Barrault": [
        "The birthDate of \"Barrault\" is 1960-09-27, and birthYear is 1960. Which one is the \"Barrault\" referring to? A. Doug Barrault B. François Barrault C. Jean-Louis Barrault D. Marie-Christine Barrault",
        "B"
    ],
    "http://dbpedia.org/resource/Pogrebin": [
        "The birthDate of \"Pogrebin\" is 1939-06-09, and spouse is Bert Pogrebin. Which one is the \"Pogrebin\" referring to? A. Abigail Pogrebin B. Letty Cottin Pogrebin C. Robin Pogrebin",
        "B"
    ],
    "http://dbpedia.org/resource/Surridge": [
        "The country of \"Surridge\" is England, and birthDate is 1917-09-03. Which one is the \"Surridge\" referring to? A. Arthur Surridge B. Steve Surridge C. Stuart Surridge D. Victor Surridge",
        "C"
    ],
    "http://dbpedia.org/resource/Kathryn": [
        "The birthDate of \"Kathryn\" is 1959-08-26, and occupation is Engineer. Which one is the \"Kathryn\" referring to? A. Catherine Howard B. Kat Teasdale C. Kathryn Beaumont D. Kathryn Bernardo E. Kathryn Bigelow F. Kathryn Busby G. Kathryn C. Thornton H. Kathryn Calder I. Kathryn Crosby J. Kathryn Deans K. Kathryn Drysdale L. Kathryn E. Granahan M. Kathryn Erbe N. Kathryn Grayson O. Kathryn Hahn P. Kathryn Hay Q. Kathryn Hulme R. Kathryn Joosten S. Kathryn Leigh Scott T. Kathryn McGuire U. Kathryn O'Loughlin McCarthy V. Kathryn P. Hire W. Kathryn Parsons X. Kathryn S. McKinley Y. Kathryn Sarah Scott Z. Kathryn Schulz [. Kathryn Stockett \\. Kathryn Tickell ]. Kathryn Tucker Windham",
        "V"
    ],
    "http://dbpedia.org/resource/Sokołowski": [
        "The activeYearsEndYear of \"Sokołowski\" is 1947, and position is Defence (ice hockey). Which one is the \"Sokołowski\" referring to? A. Kazimierz Sokołowski (ice hockey) B. Marek Sokołowski C. Michał Sokołowski D. Patryk Sokołowski E. Stefan Lech Sokołowski F. Włodzimierz Sokołowski",
        "A"
    ],
    "http://dbpedia.org/resource/Toshimi": [
        "The birthDate of \"Toshimi\" is 1938-03-06, and predecessor is Yasukazu Hamada. Which one is the \"Toshimi\" referring to? A. Nanbu Toshimi B. Toshimi Kikuchi C. Toshimi Kitazawa",
        "C"
    ],
    "http://dbpedia.org/resource/McKeough": [
        "The predecessor of \"McKeough\" is John Michael Macdonald, and termEnd is 1978. Which one is the \"McKeough\" referring to? A. Darcy McKeough B. Dave McKeough C. Raymond S. McKeough D. Stefanie McKeough E. Tom MacKeough",
        "E"
    ],
    "http://dbpedia.org/resource/De_Alvear": [
        "The termStart of \"De Alvear\" is 1815-01-09, and nationality is Argentina. Which one is the \"De Alvear\" referring to? A. Carlos María de Alvear B. Marcelo Torcuato de Alvear",
        "A"
    ],
    "http://dbpedia.org/resource/Benstead": [
        "The birthDate of \"Benstead\" is 1963-08-20, and position is Goalkeeper (association football). Which one is the \"Benstead\" referring to? A. Christopher Benstead B. Graham Benstead C. Lulu Benstead",
        "B"
    ],
    "http://dbpedia.org/resource/Francisco_Barnés": [
        "The deathDate of \"Francisco Barnés\" is 1947, and nationality is Spanish. Which one is the \"Francisco Barnés\" referring to? A. Francisco Barnés Salinas B. Francisco Barnés de Castro",
        "A"
    ],
    "http://dbpedia.org/resource/Aikman": [
        "The activeYearsStartYear of \"Aikman\" is 1791, and birthYear is 1755. Which one is the \"Aikman\" referring to? A. Alexander Aikman B. Christopher Aikman C. George Aikman D. Gordon Aikman E. Granville Pearl Aikman F. Laura Aikman G. Troy Aikman H. William Aikman (writer)",
        "A"
    ],
    "http://dbpedia.org/resource/Hertl": [
        "The position of \"Hertl\" is Midfielder, and birthDate is 1976-08-10. Which one is the \"Hertl\" referring to? A. Björn Hertl B. Jan Hertl C. Jaroslav Hertl",
        "A"
    ],
    "http://dbpedia.org/resource/Steve_Adubato": [
        "The nationality of \"Steve Adubato\" is Americans, and birthYear is 1932. Which one is the \"Steve Adubato\" referring to? A. Steve Adubato Jr. B. Steve Adubato Sr.",
        "B"
    ],
    "http://dbpedia.org/resource/Nahum": [
        "The birthYear of \"Nahum\" is 1969, and nationality is Uruguayan. Which one is the \"Nahum\" referring to? A. Ana Nahum B. Baby K (artist) C. Benjamín Nahum D. Bertin Nahum E. Nahum Rabinovitch F. Nahum Stelmach G. Nahum Tate",
        "A"
    ],
    "http://dbpedia.org/resource/Pery": [
        "The deathDate of \"Pery\" is --08-08, and birthDate is 1840-01-17. Which one is the \"Pery\" referring to? A. Pery Igel B. Pery Ribeiro C. William Pery, 3rd Earl of Limerick",
        "C"
    ],
    "http://dbpedia.org/resource/Abdul_Qayyum": [
        "The birthDate of \"Abdul Qayyum\" is 1901-06-16, and deathDate is 1981-10-23. Which one is the \"Abdul Qayyum\" referring to? A. Abdul Qayyum Khan B. Abdul Qayyum Sajjadi C. Muhammad Abdul Qayyum Khan",
        "A"
    ],
    "http://dbpedia.org/resource/Gilb": [
        "The birthDate of \"Gilb\" is 1940, and residence is Kolbotn, Norway. Which one is the \"Gilb\" referring to? A. Mike Gilb B. Tom Gilb",
        "B"
    ],
    "http://dbpedia.org/resource/Labib": [
        "The deathYear of \"Labib\" is 1984, and stateOfOrigin is Egyptians. Which one is the \"Labib\" referring to? A. Adel Labib B. Labib Habachi C. Labib Hussein Abu Rokan D. Pahor Labib",
        "B"
    ],
    "http://dbpedia.org/resource/Ivan_III": [
        "The deathDate of \"Ivan III\" is 1648-08-05, and birthDate is 1603-03-13. Which one is the \"Ivan III\" referring to? A. Ivan III Drašković B. Ivan III of Russia C. Ivaniš Nelipić",
        "A"
    ],
    "http://dbpedia.org/resource/DiMarco": [
        "The nationality of \"DiMarco\" is United States, and birthDate is 1989-05-08. Which one is the \"DiMarco\" referring to? A. Chris DiMarco B. Melissa DiMarco C. Nyle DiMarco",
        "C"
    ],
    "http://dbpedia.org/resource/Laffey": [
        "The birthDate of \"Laffey\" is 1925-05-28, and position is Defender (association football). Which one is the \"Laffey\" referring to? A. Aaron Laffey B. Bartlett Laffey C. Merv Laffey D. Steve Laffey E. Tony Laffey",
        "E"
    ],
    "http://dbpedia.org/resource/Boesch": [
        "The deathYear of \"Boesch\" is 2012, and deathDate is 2012-01-20. Which one is the \"Boesch\" referring to? A. Brennan Boesch B. Paul Boesch C. Rudy Boesch D. Ruthilde Boesch",
        "D"
    ],
    "http://dbpedia.org/resource/Tommila": [
        "The weightLb of \"Tommila\" is 181, and position is Defenceman. Which one is the \"Tommila\" referring to? A. Juho Tommila B. Kielo Tommila C. Onni Tommila",
        "A"
    ],
    "http://dbpedia.org/resource/Sršeň": [
        "The birthDate of \"Sršeň\" is 1925-06-07, and deathDate is 1996-11-30. Which one is the \"Sršeň\" referring to? A. Tomáš Sršeň B. Václav Sršeň",
        "B"
    ],
    "http://dbpedia.org/resource/Kozłowski": [
        "The birthDate of \"Kozłowski\" is 1985-01-19, and club is MULKS MOS Sieradz. Which one is the \"Kozłowski\" referring to? A. Artur Kozłowski (runner) B. Artur Kozłowski (speleologist) C. Edward Kozłowski D. Leon Kozłowski",
        "A"
    ],
    "http://dbpedia.org/resource/Battisti": [
        "The deathDate of \"Battisti\" is 1994-10-19, and birthDate is 1922-10-04. Which one is the \"Battisti\" referring to? A. Cesare Battisti (politician) B. Frank J. Battisti C. Leda Battisti D. Lucio Battisti",
        "B"
    ],
    "http://dbpedia.org/resource/Burghart": [
        "The parliament of \"Burghart\" is 4613, and nationality is British. Which one is the \"Burghart\" referring to? A. Alex Burghart B. Ralph Burghart",
        "A"
    ],
    "http://dbpedia.org/resource/Fazlul_Haq": [
        "The termEnd of \"Fazlul Haq\" is 2006-10-29, and deathDate is 2012-12-12. Which one is the \"Fazlul Haq\" referring to? A. A. K. M. Fazlul Haque B. A. K. M. Fazlul Haque (surgeon) C. AKM Fazlul Haque Milon D. Fazlul Haque (judge) E. Fazlul Haque Amini F. Sheikh Fazlul Haque Mani",
        "E"
    ],
    "http://dbpedia.org/resource/Sapozhnikov": [
        "The almaMater of \"Sapozhnikov\" is Kazan Art School, and birthDate is 1877-03-26. Which one is the \"Sapozhnikov\" referring to? A. Andrei Sapozhnikov B. Nadezhda Sapozhnikova",
        "B"
    ],
    "http://dbpedia.org/resource/Jarolím": [
        "The youthclubs of \"Jarolím\" is AC Sparta Prague, and birthDate is 1984-05-21. Which one is the \"Jarolím\" referring to? A. David Jarolím B. Karel Jarolím C. Lukáš Jarolím D. Marek Jarolím",
        "D"
    ],
    "http://dbpedia.org/resource/Maniatis": [
        "The birthYear of \"Maniatis\" is 1973, and birthDate is February. Which one is the \"Maniatis\" referring to? A. Kostas Maniatis B. Peter Maniatis C. Tom Maniatis",
        "B"
    ],
    "http://dbpedia.org/resource/Peter_Lee": [
        "The mother of \"Peter Lee\" is Grace Ho, and birthDate is 1939-10-23. Which one is the \"Peter Lee\" referring to? A. Peter Lee Jung-sum B. Peter Lee Ka-kit",
        "A"
    ],
    "http://dbpedia.org/resource/Garling": [
        "The party of \"Garling\" is Nationalist Party of Australia, and birthPlace is Camden, New South Wales. Which one is the \"Garling\" referring to? A. Caleb Garling B. Frederick Garling Jr. C. Henry Garling D. Peter Garling",
        "C"
    ],
    "http://dbpedia.org/resource/Hammerschlag": [
        "The birthPlace of \"Hammerschlag\" is West Germany, and youthclubs is KFC Uerdingen 05. Which one is the \"Hammerschlag\" referring to? A. Alice Berger Hammerschlag B. Frank Hammerschlag",
        "B"
    ],
    "http://dbpedia.org/resource/Pelageya": [
        "The birthDate of \"Pelageya\" is 1918-05-04, and deathDate is 2001-07-31. Which one is the \"Pelageya\" referring to? A. Pelageya Danilova B. Pelageya Polubarinova-Kochina",
        "A"
    ],
    "http://dbpedia.org/resource/Dawkins": [
        "The weightLb of \"Dawkins\" is 205, and activeYearsStartYear is 2019. Which one is the \"Dawkins\" referring to? A. Aubrey Dawkins B. Benjamin C. Dawkins Jr. C. Benjamin C. Dawkins Sr. D. Boyd Dawkins E. Brian Dawkins F. Dalyn Dawkins G. Darryl Dawkins H. Derek Dawkins I. Dion Dawkins J. James Dawkins (antiquarian) K. Jimmy Dawkins L. John Dawkins M. John Dawkins (South Australian politician) N. Johnny Dawkins O. Marian Dawkins P. Noah Dawkins Q. Paul Dawkins R. Pete Dawkins S. Richard Dawkins T. Sean Dawkins U. Travis Dawkins V. William Boyd Dawkins",
        "A"
    ],
    "http://dbpedia.org/resource/Lipke": [
        "The deathYear of \"Lipke\" is 1987, and deathDate is 1987-05-14. Which one is the \"Lipke\" referring to? A. Jānis Lipke B. Lipke Holthuis",
        "A"
    ],
    "http://dbpedia.org/resource/Schelfhout": [
        "The birthPlace of \"Schelfhout\" is Sint-Gillis-Waas, and birthDate is 1967-05-19. Which one is the \"Schelfhout\" referring to? A. Andreas Schelfhout B. Els Schelfhout",
        "B"
    ],
    "http://dbpedia.org/resource/Sumlin": [
        "The birthDate of \"Sumlin\" is 1931-11-16, and deathDate is 2011-12-04. Which one is the \"Sumlin\" referring to? A. Hubert Sumlin B. Kevin Sumlin",
        "A"
    ],
    "http://dbpedia.org/resource/Guerini": [
        "The almaMater of \"Guerini\" is Università Cattolica del Sacro Cuore, and birthDate is 1966-11-21. Which one is the \"Guerini\" referring to? A. Lorenzo Guerini B. Vincenzo Guerini (athlete) C. Vincenzo Guerini (footballer)",
        "A"
    ],
    "http://dbpedia.org/resource/Golubović": [
        "The activeYearsStartYear of \"Golubović\" is 1993, and nationality is Serbian. Which one is the \"Golubović\" referring to? A. Petar Golubović B. Srdan Golubović",
        "B"
    ],
    "http://dbpedia.org/resource/Masumi": [
        "The sport of \"Masumi\" is Athletics, and birthDate is 1986-09-02. Which one is the \"Masumi\" referring to? A. Masumi Fuchise B. Masumi Itō C. Masumi Kuwata D. Masumi Mitsui E. Masumi Miyazaki F. Masumi Okada G. Masumi Oshima H. Masumi Uno I. Sachiko Masumi",
        "A"
    ],
    "http://dbpedia.org/resource/Nimlot": [
        "The successor of \"Nimlot\" is Takelot II, and mother is Djedmutesankh. Which one is the \"Nimlot\" referring to? A. Nimlot A B. Nimlot B C. Nimlot C D. Nimlot of Hermopolis",
        "C"
    ],
    "http://dbpedia.org/resource/Kathrin": [
        "The club of \"Kathrin\" is WSV Bischofswiesen, and birthDate is 1984-07-18. Which one is the \"Kathrin\" referring to? A. Ann-Kathrin Kramer B. Caterina Valente C. Kathrin Beck D. Kathrin Boron E. Kathrin Bringmann F. Kathrin Entner G. Kathrin Freudelsperger H. Kathrin Hölzl I. Kathrin Klaas J. Kathrin Lang K. Kathrin Längert L. Kathrin Menzinger M. Kathrin Neimke N. Kathrin Passig O. Kathrin Piotrowski P. Kathrin Ress Q. Kathrin Wörle-Scheller R. Kathrine Maaseide S. Kathrine Narducci",
        "H"
    ],
    "http://dbpedia.org/resource/Lorenzini": [
        "The club of \"Lorenzini\" is Fitzroy Football Club, and birthDate is 1956-08-05. Which one is the \"Lorenzini\" referring to? A. Carlo Collodi B. Edmondo Lorenzini C. Eldora Lorenzini D. John Lorenzini E. Julio César Lorenzini F. Kena Lorenzini G. Orlando Lorenzini H. Pietro Lorenzini I. Roberto Lorenzini",
        "D"
    ],
    "http://dbpedia.org/resource/Kelechi": [
        "The birthDate of \"Kelechi\" is 1984-04-05, and position is Forward (association football). Which one is the \"Kelechi\" referring to? A. Kelechi Francis Ibekwe B. Kelechi Iheanacho C. Kelechi Iheanacho (footballer, born 1981) D. Kelechi Okoye E. Kelechi Osemele F. Kelechi Osunwa G. Susan Kelechi Watson",
        "A"
    ],
    "http://dbpedia.org/resource/Inori": [
        "The birthYear of \"Inori\" is 1995, and activeYearsEndYear is 2010. Which one is the \"Inori\" referring to? A. Hitomi Shimatani B. Inori Minase",
        "B"
    ],
    "http://dbpedia.org/resource/Verducci": [
        "The deathPlace of \"Verducci\" is San Francisco, and birthPlace is California. Which one is the \"Verducci\" referring to? A. Joe Verducci B. Tom Verducci",
        "A"
    ],
    "http://dbpedia.org/resource/Njoya": [
        "The termEnd of \"Njoya\" is 1992, and termPeriod is Seidou Njimoluh Njoya  Tenure  1. Which one is the \"Njoya\" referring to? A. Adamou Ndam Njoya B. Ibrahim Njoya C. Seidou Njimoluh Njoya",
        "C"
    ],
    "http://dbpedia.org/resource/Shulgin": [
        "The birthDate of \"Shulgin\" is 1983-05-17, and position is Setter. Which one is the \"Shulgin\" referring to? A. Alexander Shulgin B. Alexander Shulgin (musician) C. Ann Shulgin D. Arina Shulgina E. Maxim Shulgin F. Sergei Shulgin",
        "E"
    ],
    "http://dbpedia.org/resource/Zedda": [
        "The predecessor of \"Zedda\" is Emilio Floris, and termPeriod is Massimo Zedda  Tenure  1. Which one is the \"Zedda\" referring to? A. Alberto Zedda B. Massimo Zedda",
        "B"
    ],
    "http://dbpedia.org/resource/Senecký": [
        "The birthDate of \"Senecký\" is 1919-03-17, and position is Forward (association football). Which one is the \"Senecký\" referring to? A. Karel Senecký B. Štefan Senecký",
        "A"
    ],
    "http://dbpedia.org/resource/Shopov": [
        "The stateOfOrigin of \"Shopov\" is Bulgaria, and birthDate is 1930-07-27. Which one is the \"Shopov\" referring to? A. Hristo Shopov B. Khristo Shopov C. Naum Shopov D. Petar Shopov E. Yanko Shopov",
        "C"
    ],
    "http://dbpedia.org/resource/Behan": [
        "The birthDate of \"Behan\" is 1965-01-18, and activeYearsStartYear is 1991. Which one is the \"Behan\" referring to? A. Billy Behan B. Brendan Behan C. Brian Behan D. Denis Behan E. Dominic Behan F. Janet Behan G. Joe Behan H. John Behan (educationist) I. Johnny Behan J. Margaret Behan K. Paudge Behan L. Petie Behan M. Simon Behan N. William J. Behan",
        "K"
    ],
    "http://dbpedia.org/resource/Dockrell": [
        "The deathPlace of \"Dockrell\" is Weymouth, Dorset, England, and deathDate is 1983-09-09. Which one is the \"Dockrell\" referring to? A. Henry Morgan Dockrell B. Marguerite Dockrell C. Maurice E. Dockrell",
        "B"
    ],
    "http://dbpedia.org/resource/Wolzogen": [
        "The birthDate of \"Wolzogen\" is 1773-02-04, and deathDate is 1845-07-04. Which one is the \"Wolzogen\" referring to? A. Caroline von Wolzogen B. Ludwig von Wolzogen",
        "B"
    ],
    "http://dbpedia.org/resource/Paskaleva": [
        "The birthYear of \"Paskaleva\" is 1945, and activeYearsStartYear is 1967. Which one is the \"Paskaleva\" referring to? A. Katya Paskaleva B. Tsvetana Paskaleva",
        "A"
    ],
    "http://dbpedia.org/resource/Yitzhak": [
        "The deathDate of \"Yitzhak\" is 2021-05-06, and deathYear is 2021. Which one is the \"Yitzhak\" referring to? A. Yitzhak Aharonovich B. Yitzhak Apeloig C. Yitzhak Arad D. Yitzhak Ben-Aharon E. Yitzhak Ben-Zvi F. Yitzhak Danziger G. Yitzhak Hatuel H. Yitzhak Hofi I. Yitzhak Melamed J. Yitzhak Mordechai K. Yitzhak Navon L. Yitzhak Rabin M. Yitzhak Sadeh N. Yitzhak Shamir O. Yitzhak Tshuva P. Yitzhak Yosef",
        "C"
    ],
    "http://dbpedia.org/resource/Glowacz": [
        "The birthDate of \"Glowacz\" is 1952-09-30, and position is Midfielder. Which one is the \"Glowacz\" referring to? A. Jürgen Glowacz B. Stefan Glowacz",
        "A"
    ],
    "http://dbpedia.org/resource/Karoui": [
        "The birthPlace of \"Karoui\" is Tunisia, and position is Forward (association football). Which one is the \"Karoui\" referring to? A. Hamed Karoui B. Nabil Karoui C. Slah Karoui",
        "C"
    ],
    "http://dbpedia.org/resource/Krech": [
        "The deathDate of \"Krech\" is 1977-07-14, and spouse is Hilda Sidonie Gruenberg. Which one is the \"Krech\" referring to? A. David Krech B. Roman Krech C. Rüdiger Krech D. Warren William",
        "A"
    ],
    "http://dbpedia.org/resource/Andreasi": [
        "The birthYear of \"Andreasi\" is 1928, and deathDate is 2005-12-25. Which one is the \"Andreasi\" referring to? A. Felice Andreasi B. Giorgio Andreasi",
        "A"
    ],
    "http://dbpedia.org/resource/Erion": [
        "The position of \"Erion\" is Defender (association football), and birthDate is 1995-10-15. Which one is the \"Erion\" referring to? A. Erion Hoxhallari B. Erion Sula C. Erion Veliaj D. Erion Xhafa",
        "A"
    ],
    "http://dbpedia.org/resource/Ananda_Rao": [
        "The birthDate of \"Ananda Rao\" is 1930-02-02, and successor is Sode Ramaiah. Which one is the \"Ananda Rao\" referring to? A. Ananda Rao Samuel B. B. Radhabai Ananda Rao C. T. Ananda Rao",
        "B"
    ],
    "http://dbpedia.org/resource/Claribel": [
        "The birthDate of \"Claribel\" is 1961-12-16, and activeYearsEndYear is 1984. Which one is the \"Claribel\" referring to? A. Claribel Alegría B. Claribel Kendall C. Claribel Medina",
        "C"
    ],
    "http://dbpedia.org/resource/Alsing": [
        "The birthDate of \"Alsing\" is 1893-02-05, and party is Social Democrats (Denmark). Which one is the \"Alsing\" referring to? A. Adam Alsing B. Alsing Andersen C. Olle Alsing",
        "B"
    ],
    "http://dbpedia.org/resource/McAloon": [
        "The youthclubs of \"McAloon\" is St Francis, and deathDate is 1987-04-13. Which one is the \"McAloon\" referring to? A. Gerry McAloon B. Karen McAloon C. Paddy McAloon",
        "A"
    ],
    "http://dbpedia.org/resource/Symmachus": [
        "The successor of \"Symmachus\" is Caecina Mavortius Basilius Decius, and termStart is 485. Which one is the \"Symmachus\" referring to? A. Pope Symmachus B. Quintus Aurelius Memmius Symmachus",
        "B"
    ]
}